ID	UTR5	optmized_CDS	UTR3	aa	CAI	cds_GC	cds_GC3	cds_T
s1	AACCA	ATGAATCGCTTCGAC	TTAAG	MNRFD	1.0	0.4666666666666667	0.8	0.26666666666666666
s2	ACAA	GGCGGCGGTCCC	CCCT	GGGP	1.0	0.9166666666666666	0.75	0.08333333333333333
